day,x_mean,y_mean,x_std,y_std
1.0,-123.41502049999986,47.40086299999995,0.6169177790402494,0.03881275804899967
2.0,-119.73768119999995,47.14330479999998,3.0450489762725512,0.29853972445576094
3.0,-122.34596574999995,47.96438474999998,0.10859186878018771,0.1825618098256886
5.0,-122.56333099999986,48.18185749999994,0.0069392236159983335,0.300018464382251
6.0,-122.10666322727275,47.751376545454534,1.3938387825086904,0.6642580446939443
7.0,-121.22337925061424,47.46856894840294,3.066337994444679,0.47341456507440777
8.0,-122.07656872900766,47.60089123091602,1.2067503661518355,0.4839038518384488
9.0,-121.1960126470588,47.23811435294116,2.6182230860096465,0.8947099122704626
