day,x_mean,y_mean,x_std,y_std
,,,,
1.0,-122.70224199999986,48.993891999999946,1e-06,1e-06
2.0,-122.81065299999986,49.02583099999994,1e-06,1e-06
3.0,-122.64164799999986,49.06021499999994,1e-06,1e-06
4.0,-122.6362719999999,48.96346366666663,0.005913841584667853,0.0006495160115556883
